{"stats":{"minecraft:killed_by":{"minecraft:skeleton":1},"minecraft:custom":{"minecraft:jump":69,"minecraft:deaths":1,"minecraft:time_since_rest":2731,"minecraft:damage_dealt":315,"minecraft:crouch_one_cm":64,"minecraft:play_one_minute":4936,"minecraft:damage_taken":240,"minecraft:sprint_one_cm":3380,"minecraft:walk_on_water_one_cm":230,"minecraft:time_since_death":2701,"minecraft:walk_one_cm":14269,"minecraft:sneak_time":8,"minecraft:walk_under_water_one_cm":91,"minecraft:fall_one_cm":954,"minecraft:fly_one_cm":3454},"minecraft:mined":{"minecraft:tall_grass":1,"minecraft:grass":9,"minecraft:grass_block":4,"minecraft:dirt":1},"minecraft:picked_up":{"minecraft:wheat_seeds":2,"minecraft:dirt":5}},"DataVersion":2586}