{"stats":{"minecraft:used":{"minecraft:birch_planks":20,"minecraft:carrot":1},"minecraft:killed_by":{"minecraft:skeleton":1},"minecraft:custom":{"minecraft:time_since_rest":8343,"minecraft:play_one_minute":10548,"minecraft:crouch_one_cm":109,"minecraft:sprint_one_cm":16120,"minecraft:walk_one_cm":28478,"minecraft:damage_taken":240,"minecraft:deaths":1,"minecraft:sneak_time":15,"minecraft:walk_under_water_one_cm":91,"minecraft:interact_with_brewingstand":1,"minecraft:jump":128,"minecraft:damage_dealt":315,"minecraft:leave_game":1,"minecraft:time_since_death":8313,"minecraft:walk_on_water_one_cm":230,"minecraft:fall_one_cm":2208,"minecraft:fly_one_cm":11872},"minecraft:mined":{"minecraft:grass":17,"minecraft:grass_block":4,"minecraft:carrots":1,"minecraft:dirt":1,"minecraft:birch_log":5,"minecraft:tall_grass":2},"minecraft:crafted":{"minecraft:birch_planks":20},"minecraft:picked_up":{"minecraft:birch_log":5,"minecraft:wheat_seeds":2,"minecraft:carrot":1,"minecraft:dirt":5}},"DataVersion":2586}