{"stats":{"minecraft:used":{"minecraft:oak_planks":1,"minecraft:bread":1},"minecraft:custom":{"minecraft:jump":57,"minecraft:open_chest":1,"minecraft:time_since_rest":3889,"minecraft:damage_dealt":123,"minecraft:play_one_minute":3889,"minecraft:leave_game":1,"minecraft:sprint_one_cm":6809,"minecraft:damage_taken":100,"minecraft:time_since_death":3889,"minecraft:walk_one_cm":6980,"minecraft:fall_one_cm":1254,"minecraft:fly_one_cm":16045},"minecraft:mined":{"minecraft:oak_planks":2},"minecraft:picked_up":{"minecraft:oak_planks":1}},"DataVersion":2586}